cid	kind	url	http_status	final_url
2	page	https://www.andy-y.cn/index.php/start-page.html	200	https://www.andy-y.cn/index.php/start-page.html
5	page	https://www.andy-y.cn/index.php/5.html	200	https://www.andy-y.cn/index.php/5.html
11	post	https://www.andy-y.cn/index.php/archives/11/	200	https://www.andy-y.cn/index.php/archives/11/
13	post	https://www.andy-y.cn/index.php/archives/13/	200	https://www.andy-y.cn/index.php/archives/13/
16	page	https://www.andy-y.cn/index.php/16.html	200	https://www.andy-y.cn/index.php/16.html
30	post	https://www.andy-y.cn/index.php/archives/30/	200	https://www.andy-y.cn/index.php/archives/30/
33	post	https://www.andy-y.cn/index.php/archives/33/	200	https://www.andy-y.cn/index.php/archives/33/
34	post	https://www.andy-y.cn/index.php/archives/34/	200	https://www.andy-y.cn/index.php/archives/34/
41	post	https://www.andy-y.cn/index.php/archives/41/	200	https://www.andy-y.cn/index.php/archives/41/
47	post	https://www.andy-y.cn/index.php/archives/47/	200	https://www.andy-y.cn/index.php/archives/47/
61	post	https://www.andy-y.cn/index.php/archives/61/	200	https://www.andy-y.cn/index.php/archives/61/
62	post	https://www.andy-y.cn/index.php/archives/62/	200	https://www.andy-y.cn/index.php/archives/62/
66	post	https://www.andy-y.cn/index.php/archives/66/	200	https://www.andy-y.cn/index.php/archives/66/
68	post	https://www.andy-y.cn/index.php/archives/68/	200	https://www.andy-y.cn/index.php/archives/68/
76	post	https://www.andy-y.cn/index.php/archives/76/	200	https://www.andy-y.cn/index.php/archives/76/
