2	page	??	start-page	1750679940	1781874879	1	1	68	202d94518971dba1333e326e4fdb18b7db6827f3d9c375563fb50258267715de	<!--markdown-->??AndyYan??????????????????????VPS?BGP????????????...
5	page	??	5	1750682896	1750682896	1	1	15	83df010d477ed3bad9e85a2289fd0b58c5a2de9e35be2fe7c62b52251a7e4a5a	<!--markdown-->
11	post	??OMV??WebUI?400 Bad Request??	11	1769149500	1782977743	1	1	764	1fe112cd16784d80c3065267b46724093baeaf2e03071d4e9934884b76db222d	<!--markdown-->#??#\n?????OMV?Open Media Vault??????400 - Bad Request???????????
13	post	MaiBot+AstrBot+Napcat???????????????QQBot????	13	1769155320	1782977711	1	1	6859	1deef347e8a6d898ad725e0557ac691b923b63e407a4b59fdff5919e02508db9	<!--markdown-->#????#\n???????QQ???????????????[AstrBot](https://astrbot.app/)? 
16	page	AndyYan's DN42 Network	16	1769230800	1781182788	1	1	2571	e906af34353daef702732327d3250453089f1a9fc0763900c0f603af48bdf2aa	<!--markdown-->##Basic Information\n- ASN: 4242422921\n- Maintainer: [AndyYan](h
30	post	??Grafana??Bird????	30	1771511940	1782977688	1	1	101017	a6b1217f38c6047cb9f4a32944148cccd99df9348da5c0379e9099f1cfe1d782	<!--markdown-->#????\n???dn42????4?????????LookingGlass?????????????????? ~~????
33	post	IOS????.lz4?????	33	1773404820	1782977680	1	1	624	ea0813e0ff6074ad907b9c8dfdb89c7c0897e63aa768552dd0902a8b6e6b3d6c	<!--markdown-->##??\n???????lz4?????????????? ~~??~~ ???????????????????ZArchive
34	post	Linux????Silly Tavern ??? AI ??????????0????	34	1773414540	1782977655	1	1	2593	4bd6a15a6b63c63084ba90e6849aafcb56833c47e076a4c7a3fcfb217630dbf2	<!--markdown-->{alert type="info"}\n??McD?????\n{/alert}\n\n\n#??\nSilly Tavern 
41	post	??screen/tmux????SSH???????	41	1775388540	1782977647	1	1	528	0ef4d4bcbb208208f38b9186933276fbbd3cd7241c0e046eae8492f572890c94	<!--markdown-->##???\n?????ssh???????????????ssh??????????????????????? `rsync/c
47	post	Typecho + JOE ??? Mermaid ???????	47	1775390640	1782977640	1	1	7954	7d416b5b13fc950cf57a59eac60b685d08aa20fc85d2900a8df9cc41b6befec5	<!--markdown-->??????????? **?????????????????** ????????AI??????????? **???AI??
61	post	??????????	61	1781183280	1782977620	1	1	620	41b42285cdeb77217bdc7dfb0df2260d775868910d347b3c13f90e70fe3905d2	<!--markdown-->??????????????\n???? **GPT-Image-2**???\n???????prompt?????????\n
62	post	StableDiffusion????_P1	62	1781942280	1782977612	1	1	3002	f15f2443a577727ef72d430c418fcbe2c4d95070e93d4f4fc70584832d5b6394	<!--markdown-->#??\n???????StableDiffusion??????????????????5080???????????~\n#?
66	post	RP Hub——???????Silly Tavern??	66	1782479160	1782977604	1	1	1172	44f028032cd071a1b4cf34e6d877b74249dc1b90d52fd711cfdddde2a6513e51	<!--markdown--> **????????? [RP-Hub](https://github.com/STA1N156/RP-Hub) ???????
68	post	?? Looking Glass ??????????? /etc/shadow ????????	68	1782973260	1782977946	1	1	7358	99272527b079133d69a1a190fbe9e83a696cc08466363c0c3afa757df4fae2d8	<!--markdown-->> ?????????????? IP?????????? payload ??????????????\n\n## TL;DR
76	post	??Asterisk??PBX???Telephony42	76	1783845720	1783854032	1	1	14421	f9b422525c37cee2ee87dacec3ae069a31231c52919c7b9cff7e3b99cebf771c	<!--markdown-->> ???????????????????????????????????????????????????????????????
